{"pitch": [-3.217569081761312, 6.508505919763722, 234.27982822882646, 50.9072630412107], "energy": [-1.391753077507019, 4.695926189422607, 18.33405677426795, 13.102697041764317]}