{"pitch": [-0.8847355581384916, 3.200648235564223, 82.4224018700712, 93.160494242472], "energy": [-0.8252639174461365, 3.871772289276123, 7.475559374390811, 8.960309025679935]}